Color,L,x,y
Red,30.75762939,0.651452661,0.336276799
Green,85.04037476,0.242505223,0.699027956
Blue,7.863250256,0.144848973,0.049311697
White,109.4197845,0.300831586,0.325169891
