Time, Confusion Line, Direction, Response, Threshold, Correct
1.690362,1,0,0,100,true
2.523876,1,2,2,50,true
3.123887,0,2,2,100,true
3.857235,2,2,1,100,false
4.590582,0,2,2,50,true
5.707301,0,0,2,25,false
6.357312,0,0,0,37,true
7.273996,0,0,2,31,false
7.957344,0,0,0,34,true
8.690718,0,1,1,32,true
9.624079,0,1,1,31,true
10.207422,1,2,1,25,false
11.074124,1,1,1,37,true
11.807478,1,1,1,31,true
12.424164,1,1,1,28,true
13.207517,1,0,2,26,false
13.790874,1,1,0,27,false
