Color,L,x,y
Red,24.12121201,0.674863458,0.326731652
Green,70.54343414,0.245501056,0.70084101
Blue,7.837887764,0.134842306,0.059359629
White,89.64775848,0.300969929,0.324134767
