Color,L,x,y
Red,8.858909607,0.661785841,0.337631166
Green,38.51393127,0.292022765,0.650965512
Blue,5.282536507,0.153419539,0.061678711
White,53.14008331,0.28207013,0.310048401
