Color,L,x,y
Red,15.43004799,0.66095984,0.315200388
Green,56.94983673,0.307248265,0.585625112
Blue,7.028648853,0.157119498,0.075227745
White,81.78952789,0.317657292,0.33292073
