Color,L,x,y
Red,17.4370517730713,0.631576717,0.355722129
Green,44.06778336,0.211169273,0.687231541
Blue,3.358727217,0.153372318,0.046016686
White,23.0334301,0.300468892,0.34761098
