Color,L,x,y
Red,15.51397514,0.643665195,0.358214051
Green,40.21033859,0.206549168,0.69987905
Blue,2.532211065,0.147886828,0.038725786
White,55.60964584,0.297564596,0.348542958
